<?xml version="1.0" encoding="UTF-8"?>
<!DOCTYPE struts PUBLIC
        "-//Apache Software Foundation//DTD Struts Configuration 2.1//EN"
        "http://struts.apache.org/dtds/struts-2.3.dtd">

<struts>
    <package name="general" extends="struts-default">

        <action name="registration" class="registrationAction">
            <result name="success" type="redirect">login-view.action</result>
            <result name="input">WEB-INF/pages/general/registration.jsp</result>
            <result name="error">WEB-INF/pages/error.jsp</result>
        </action>

        <action name="registration-view">
            <result>WEB-INF/pages/general/registration.jsp</result>
        </action>

        <action name="login-view">
            <result>WEB-INF/pages/general/login.jsp</result>
        </action>

        <action name="do-login" class="loginAction">
            <result name="success" type="redirect">userHome.action</result>
            <result name="input">WEB-INF/pages/general/login.jsp</result>
            <result name="error">WEB-INF/pages/error.jsp</result>
        </action>

        <action name="home">
            <result>WEB-INF/pages/home.jsp</result>
        </action>

        <action name="error">
            <result>WEB-INF/pages/error.jsp</result>
        </action>
    </package>
</struts>