<?xml version="1.0" encoding="UTF-8"?>
<!DOCTYPE struts PUBLIC
        "-//Apache Software Foundation//DTD Struts Configuration 2.1//EN"
        "http://struts.apache.org/dtds/struts-2.3.dtd">

<struts>
    <package name="user" extends="user-settings">

        <action name="userHome">
            <result name="success">WEB-INF/pages/user/home.jsp</result>
            <result name="login">WEB-INF/pages/general/login.jsp</result>
            <result name="error">WEB-INF/pages/error.jsp</result>
        </action>
    </package>
</struts>